Player,MIN,PTS,FGM,FGA,F3GM,F3GA,FTM,FTA,OREB,DREB,REB,AST,TOV,STL,BLK
Aaron Brooks,5.9,2.3,0.9,2.2,0.3,1.0,0.3,0.3,0.2,0.3,0.5,0.6,0.3,0.0,0.9
Aaron Gordon,32.9,17.6,6.5,14.9,2.0,5.9,2.7,3.9,1.5,6.4,7.9,2.3,1.8,0.8,1.9
Aaron Harrison,25.9,6.7,2.1,7.7,1.0,4.8,1.4,1.9,0.4,2.2,2.7,1.2,0.3,0.2,3.0
Aaron Jackson,34.5,8.0,3.0,9.0,1.0,4.0,1.0,2.0,2.0,1.0,3.0,1.0,1.0,0.0,4.0
Abdel Nader,10.9,3.0,1.0,3.1,0.5,1.4,0.5,0.8,0.3,1.2,1.5,0.5,0.7,0.2,0.9
Adreian Payne,8.5,4.2,1.4,2.0,0.4,0.6,1.0,1.2,0.4,1.4,1.8,0.0,0.4,0.0,1.2
Al Horford,31.6,12.9,5.1,10.5,1.3,3.1,1.3,1.7,1.4,5.9,7.4,4.7,1.8,1.1,1.9
Al Jefferson,13.4,7.0,3.1,5.8,0.0,0.1,0.8,1.0,0.8,3.1,4.0,0.8,0.6,0.6,1.8
Al-Farouq Aminu,30.0,9.3,3.3,8.4,1.8,4.9,0.9,1.2,1.4,6.2,7.6,1.2,1.1,0.6,2.0
Alan Williams,14.1,4.0,1.4,3.6,0.0,0.0,1.2,1.8,0.6,3.8,4.4,1.6,1.4,0.2,2.6
Alec Burks,16.5,7.7,2.7,6.5,0.7,2.2,1.7,1.9,0.3,2.7,3.0,1.0,0.9,0.1,1.2
Alec Peters,11.2,4.1,1.4,3.7,0.9,2.9,0.4,0.5,0.4,1.5,1.9,0.6,0.2,0.1,0.7
Alex Abrines,15.1,4.7,1.5,3.9,1.1,2.9,0.5,0.6,0.3,1.2,1.5,0.4,0.3,0.1,1.7
Alex Caruso,15.2,3.6,1.4,3.1,0.4,1.2,0.6,0.8,0.4,1.4,1.8,2.0,1.1,0.3,1.4
Alex Len,20.2,8.5,3.1,5.5,0.0,0.0,2.3,3.3,2.5,5.0,7.5,1.2,1.1,0.9,2.3
Alex Poythress,4.2,1.0,0.4,1.0,0.2,0.4,0.0,0.0,0.3,0.4,0.7,0.1,0.1,0.0,0.6
Alfonzo McKinnie,3.8,1.5,0.6,1.1,0.2,0.6,0.1,0.2,0.1,0.4,0.5,0.1,0.2,0.1,0.6
Allen Crabbe,29.3,13.2,4.5,11.0,2.7,7.1,1.5,1.8,0.4,3.9,4.3,1.6,1.0,0.5,2.2
Amir Johnson,15.8,4.6,1.9,3.5,0.1,0.4,0.7,1.1,1.7,2.8,4.5,1.6,0.7,0.6,2.6
Andre Drummond,33.7,15.0,6.0,11.3,0.0,0.1,3.1,5.1,5.1,10.9,16.0,3.0,2.6,1.6,3.2
Andre Iguodala,25.4,6.0,2.3,5.0,0.5,1.8,0.9,1.4,0.8,3.1,3.8,3.3,1.0,0.6,1.5
Andre Ingram,32.1,12.0,4.0,8.5,2.5,4.5,1.5,1.5,0.5,2.5,3.0,3.5,1.5,1.5,1.5
Andre Roberson,26.6,5.0,2.2,4.2,0.2,0.9,0.3,1.0,1.9,2.8,4.7,1.2,0.8,0.9,2.3
Andrew Bogut,9.0,1.5,0.7,1.0,0.0,0.0,0.1,0.1,1.1,2.2,3.3,0.6,0.8,0.5,1.7
Andrew Harrison,23.7,9.5,3.2,7.7,0.8,2.5,2.2,2.8,0.4,1.9,2.3,3.2,1.4,0.5,2.5
Andrew White III,13.9,4.6,1.7,4.9,1.2,3.3,0.1,0.3,0.3,2.0,2.3,0.4,0.5,0.1,0.8
Andrew Wiggins,36.3,17.7,6.9,15.9,1.4,4.1,2.5,3.8,1.0,3.4,4.4,2.0,1.7,0.6,2.0
Ante Zizic,6.7,3.7,1.5,2.1,0.0,0.0,0.7,0.9,0.8,1.1,1.9,0.2,0.3,0.4,0.9
Anthony Brown,3.7,3.0,1.0,1.0,1.0,1.0,0.0,0.0,0.0,0.0,0.0,1.0,0.0,0.0,0.0
Anthony Davis,36.4,28.1,10.4,19.5,0.7,2.2,6.6,8.0,2.5,8.6,11.1,2.3,2.2,2.6,2.1
Anthony Tolliver,22.2,8.9,2.8,6.0,2.0,4.6,1.3,1.7,0.6,2.4,3.1,1.1,0.7,0.3,1.8
Antonio Blakeney,16.5,7.9,2.8,7.5,0.8,2.7,1.6,2.1,0.2,1.5,1.7,1.1,0.6,0.1,1.0
Antonius Cleveland,7.2,1.4,0.5,1.2,0.2,0.2,0.2,0.4,0.2,0.6,0.8,0.1,0.4,0.3,1.4
Aron Baynes,18.3,6.0,2.6,5.5,0.0,0.3,0.7,1.0,1.6,3.8,5.4,1.1,1.0,0.6,2.5
Arron Afflalo,12.9,3.4,1.2,3.1,0.5,1.3,0.4,0.5,0.1,1.2,1.2,0.6,0.4,0.2,1.1
Austin Rivers,33.7,15.1,5.6,13.2,2.2,5.9,1.7,2.6,0.4,1.9,2.4,4.0,1.8,0.3,2.5
Avery Bradley,31.2,14.3,5.6,13.6,1.6,4.4,1.4,1.8,0.5,2.0,2.5,2.0,2.2,0.2,2.0
Bam Adebayo,19.8,6.9,2.5,4.9,0.0,0.1,1.9,2.6,1.7,3.8,5.5,1.5,1.0,0.6,2.0
Ben McLemore,19.5,7.5,2.8,6.7,1.0,2.8,0.9,1.1,0.6,1.9,2.5,0.9,1.1,0.3,2.5
Ben Moore,4.6,0.0,0.0,0.0,0.0,0.0,0.0,0.0,0.0,0.5,0.5,0.5,0.0,0.0,2.0
Ben Simmons,33.7,15.8,6.7,12.3,0.0,0.1,2.4,4.2,1.8,6.3,8.1,8.2,3.4,0.9,2.6
Bismack Biyombo,18.2,5.7,2.2,4.3,0.0,0.0,1.2,1.9,1.8,4.0,5.7,0.8,1.0,1.2,1.9
Blake Griffin,34.0,21.4,7.5,17.2,1.9,5.6,4.5,5.7,1.3,6.1,7.4,5.8,2.8,0.3,2.4
Boban Marjanovic,8.7,6.0,2.0,3.8,0.0,0.0,2.0,2.5,1.2,2.5,3.7,0.6,0.9,0.3,1.3
Bobby Brown,5.7,2.5,1.0,2.9,0.6,2.0,0.1,0.1,0.0,0.4,0.4,0.6,0.5,0.0,0.3
Bobby Portis,22.5,13.2,5.2,11.1,1.1,3.1,1.6,2.1,2.2,4.6,6.8,1.7,1.4,0.3,1.8
Bogdan Bogdanovic,27.9,11.8,4.4,9.9,1.7,4.2,1.3,1.5,0.4,2.5,2.9,3.3,1.6,0.2,2.2
Bojan Bogdanovic,30.8,14.3,5.1,10.7,1.9,4.8,2.2,2.6,0.4,3.0,3.4,1.5,1.3,0.1,1.6
Bradley Beal,36.3,22.6,8.3,18.1,2.4,6.5,3.6,4.5,0.7,3.7,4.4,4.5,2.6,0.4,2.0
Brandan Wright,13.6,5.0,2.1,3.6,0.0,0.0,0.8,1.2,1.2,2.2,3.4,0.5,0.3,0.9,1.1
Brandon Ingram,33.5,16.1,6.1,12.9,0.7,1.8,3.3,4.8,1.0,4.4,5.3,3.9,2.5,0.7,2.8
Brandon Jennings,14.7,5.2,1.9,5.1,0.6,2.4,0.7,0.7,0.4,1.9,2.2,3.1,1.3,0.3,0.8
Brandon Paul,9.0,2.3,0.9,2.0,0.2,0.8,0.3,0.7,0.1,1.0,1.1,0.6,0.5,0.1,0.9
Briante Weber,13.1,2.8,1.1,2.4,0.2,0.6,0.4,0.6,0.4,1.5,1.9,1.2,0.8,0.3,1.6
Brice Johnson,5.4,2.4,1.1,2.3,0.0,0.1,0.2,0.3,0.5,1.2,1.7,0.1,0.3,0.3,0.7
Brook Lopez,23.4,13.0,5.0,10.7,1.5,4.4,1.5,2.1,1.0,3.0,4.0,1.7,1.3,1.3,2.6
Bruno Caboclo,8.9,2.2,0.8,2.6,0.3,1.4,0.4,0.5,0.6,1.3,1.8,0.3,0.3,0.3,0.7
Bryn Forbes,19.0,6.9,2.6,6.2,1.1,2.9,0.6,0.9,0.2,1.2,1.4,1.0,0.5,0.0,1.4
Buddy Hield,25.3,13.5,5.2,11.7,2.2,5.1,0.9,1.0,0.7,3.2,3.8,1.9,1.6,0.3,1.9
C.J. Williams,18.6,5.5,2.3,5.2,0.6,2.1,0.3,0.4,0.3,1.2,1.5,1.1,0.5,0.3,1.7
CJ McCollum,36.1,21.4,8.2,18.6,2.3,5.9,2.6,3.1,0.7,3.3,4.0,3.4,1.9,0.4,2.1
CJ Miles,19.1,10.0,3.2,8.6,2.3,6.5,1.2,1.4,0.3,1.9,2.2,0.8,0.6,0.3,1.9
Caleb Swanigan,7.0,2.3,0.9,2.2,0.0,0.3,0.4,0.7,0.6,1.4,2.0,0.5,0.7,0.1,1.4
Cameron Payne,23.3,8.8,3.5,8.6,1.4,3.6,0.5,0.6,0.7,2.0,2.8,4.5,1.4,0.4,1.8
Caris LeVert,26.2,12.1,4.5,10.4,1.2,3.5,1.9,2.6,0.7,2.9,3.7,4.2,2.2,0.3,2.2
Carmelo Anthony,32.1,16.2,6.1,15.0,2.2,6.1,1.9,2.5,0.9,4.9,5.8,1.3,1.3,0.6,2.5
Cedi Osman,11.0,3.9,1.5,3.0,0.5,1.4,0.4,0.8,0.3,1.7,2.0,0.7,0.5,0.0,1.3
Chandler Parsons,19.2,7.9,3.0,6.5,1.4,3.4,0.5,0.8,0.4,2.1,2.5,1.9,1.0,0.3,1.5
Channing Frye,13.1,5.0,2.0,4.0,0.7,2.2,0.3,0.4,0.2,2.3,2.5,0.7,0.4,0.2,1.3
Charles Cooke,2.9,0.5,0.2,1.1,0.1,0.6,0.1,0.2,0.0,0.2,0.2,0.1,0.1,0.0,0.0
Cheick Diallo,11.2,4.9,2.0,3.4,0.0,0.0,1.0,1.3,0.9,3.2,4.1,0.4,0.5,0.4,1.6
Chinanu Onuaku,21.6,4.0,2.0,5.0,0.0,0.0,0.0,0.0,1.0,3.0,4.0,1.0,3.0,0.0,4.0
Chris Boucher,1.3,0.0,0.0,1.0,0.0,1.0,0.0,0.0,0.0,1.0,1.0,0.0,0.0,0.0,0.0
Chris McCullough,4.7,2.4,0.9,2.2,0.1,0.4,0.5,0.7,0.4,0.9,1.3,0.2,0.1,0.3,0.4
Chris Paul,31.8,18.6,6.3,13.8,2.5,6.5,3.5,3.8,0.6,4.8,5.4,7.9,2.2,0.2,2.4
Clint Capela,27.5,13.9,6.0,9.1,0.0,0.0,1.9,3.5,3.3,7.6,10.8,0.9,1.4,1.9,2.5
Cody Zeller,19.0,7.1,2.6,4.7,0.1,0.1,1.8,2.6,2.0,3.3,5.4,0.9,1.0,0.6,2.5
Cole Aldrich,2.3,0.6,0.2,0.7,0.0,0.0,0.1,0.3,0.1,0.6,0.7,0.1,0.0,0.0,0.5
Corey Brewer,16.8,5.3,2.0,4.4,0.4,1.5,0.9,1.3,0.6,1.5,2.1,0.9,0.7,0.2,1.9
Cory Joseph,27.0,7.9,3.1,7.4,0.8,2.3,0.9,1.1,0.5,2.7,3.2,3.2,1.1,0.2,1.7
Courtney Lee,30.4,12.0,4.5,9.9,1.5,3.7,1.5,1.6,0.4,2.6,2.9,2.4,1.1,0.2,1.4
Cristiano Felicio,17.8,5.6,2.3,3.9,0.0,0.0,1.0,1.5,1.5,2.7,4.2,1.0,1.0,0.2,1.9
D'Angelo Russell,25.7,15.5,5.8,14.0,1.9,5.8,2.0,2.7,0.6,3.3,3.9,5.2,3.1,0.4,1.9
D.J. Augustin,23.5,10.2,3.3,7.2,1.5,3.6,2.2,2.5,0.4,1.7,2.1,3.8,1.6,0.0,1.3
D.J. Wilson,3.2,1.0,0.4,0.7,0.1,0.2,0.0,0.1,0.1,0.4,0.5,0.1,0.2,0.0,0.3
Dakari Johnson,5.2,1.8,0.7,1.3,0.0,0.0,0.4,0.6,0.5,0.6,1.1,0.3,0.1,0.3,0.9
Damian Jones,5.9,1.7,0.7,1.5,0.0,0.0,0.2,0.3,0.3,0.6,0.9,0.1,0.3,0.2,0.9
Damian Lillard,36.6,26.9,8.5,19.4,3.1,8.6,6.8,7.4,0.8,3.6,4.5,6.6,2.8,0.4,1.6
Damien Wilkins,8.0,1.7,0.7,2.1,0.2,0.9,0.2,0.2,0.3,0.6,0.8,0.5,0.3,0.1,0.4
Damion Lee,27.0,10.7,4.1,10.1,1.0,4.0,1.5,1.9,0.7,4.0,4.7,1.9,0.9,0.1,1.7
Damyean Dotson,10.8,4.1,1.6,3.7,0.5,1.5,0.4,0.5,0.2,1.7,1.9,0.7,0.4,0.0,0.8
Daniel Hamilton,4.6,2.0,0.8,1.8,0.3,0.8,0.0,0.0,0.0,0.8,0.8,1.3,0.3,0.0,0.3
Daniel Theis,14.9,5.3,2.0,3.7,0.3,0.9,1.0,1.3,1.4,2.9,4.3,0.9,0.9,0.8,2.5
Danilo Gallinari,32.0,15.3,4.9,12.2,1.7,5.3,3.9,4.1,0.4,4.4,4.8,2.0,1.2,0.5,1.4
Danny Green,25.6,8.6,3.1,8.0,1.7,4.6,0.7,0.9,0.6,3.0,3.6,1.6,1.1,1.1,1.7
Dante Cunningham,21.4,5.7,2.2,5.0,0.8,2.3,0.4,0.7,1.1,3.0,4.1,0.7,0.5,0.4,1.5
Dante Exum,16.8,8.1,3.0,6.2,0.4,1.3,1.8,2.2,0.3,1.6,1.9,3.1,1.4,0.2,1.4
Danuel House Jr.,17.5,6.6,2.4,5.6,0.7,2.5,1.1,1.3,0.6,2.7,3.3,1.1,0.5,0.3,1.0
Dario Saric,29.6,14.6,5.2,11.4,2.0,5.1,2.3,2.7,2.0,4.7,6.7,2.6,1.9,0.3,2.1
Darius Miller,23.7,7.8,2.6,5.9,1.8,4.4,0.7,0.8,0.2,1.8,2.0,1.4,0.7,0.2,2.0
Darrell Arthur,7.4,2.8,1.2,2.5,0.4,1.2,0.1,0.2,0.2,0.6,0.8,0.5,0.8,0.2,1.2
Darren Collison,29.3,12.4,4.6,9.2,1.4,3.0,1.8,2.1,0.5,2.0,2.6,5.3,1.2,0.2,1.8
Darrun Hilliard,6.8,1.1,0.4,1.4,0.0,0.4,0.4,0.5,0.0,0.5,0.5,0.8,0.3,0.0,0.5
David Nwaba,23.5,7.9,2.9,6.0,0.3,0.7,1.9,2.9,1.3,3.4,4.7,1.5,1.1,0.4,2.3
David Stockton,3.1,3.3,0.7,1.0,0.7,1.0,1.3,1.3,0.0,0.0,0.0,0.0,0.3,0.0,1.0
David West,13.7,6.8,3.0,5.2,0.0,0.1,0.8,1.1,0.9,2.4,3.3,1.9,1.1,1.0,1.6
Davis Bertans,14.1,5.9,2.1,4.8,1.2,3.3,0.5,0.6,0.2,1.8,2.0,1.0,0.5,0.4,1.2
Davon Reed,11.5,3.0,1.0,3.6,0.5,1.8,0.4,0.6,0.1,1.8,1.9,0.6,0.5,0.1,0.8
De'Aaron Fox,27.7,11.6,4.5,10.9,0.6,2.1,1.9,2.7,0.5,2.3,2.8,4.4,2.4,0.3,2.2
DeAndre Jordan,31.5,12.0,4.8,7.5,0.0,0.0,2.4,4.1,4.3,10.9,15.2,1.5,1.8,0.9,2.6
DeAndre Liggins,12.5,1.7,0.7,1.8,0.3,0.9,0.0,0.1,0.1,1.2,1.3,0.8,0.3,0.2,1.4
DeAndre' Bembry,17.5,5.2,2.0,4.9,0.4,1.2,0.7,1.3,0.3,2.5,2.8,1.9,1.8,0.5,1.5
DeMar DeRozan,33.9,23.0,8.1,17.7,1.1,3.6,5.8,7.0,0.7,3.2,3.9,5.2,2.2,0.3,1.9
DeMarcus Cousins,36.2,25.2,8.5,18.0,2.2,6.1,6.1,8.2,2.2,10.7,12.9,5.4,5.0,1.6,3.8
DeMarre Carroll,29.9,13.5,4.5,10.8,2.0,5.4,2.6,3.4,1.4,5.1,6.6,2.0,1.4,0.4,2.3
Dejounte Murray,21.5,8.1,3.3,7.5,0.1,0.4,1.3,1.8,1.4,4.3,5.7,2.9,1.7,0.4,1.9
Delon Wright,20.8,8.0,2.9,6.3,0.8,2.2,1.4,1.7,0.7,2.2,2.9,2.9,1.1,0.5,1.2
Demetrius Jackson,5.3,1.1,0.5,1.2,0.1,0.5,0.1,0.1,0.3,0.5,0.8,0.6,0.7,0.1,0.5
Dennis Schroder,31.0,19.4,7.5,17.1,1.1,3.9,3.4,4.0,0.7,2.4,3.1,6.2,2.7,0.1,2.2
Dennis Smith Jr.,29.7,15.2,5.9,14.8,1.5,4.9,1.9,2.8,0.7,3.0,3.8,5.2,2.8,0.3,2.2
Denzel Valentine,27.2,10.2,3.9,9.4,1.9,4.8,0.5,0.7,0.6,4.5,5.1,3.2,1.3,0.1,2.4
Derrick Favors,28.0,12.3,5.1,9.1,0.2,0.8,1.8,2.8,2.6,4.6,7.2,1.3,1.1,1.1,2.1
Derrick Jones Jr.,12.3,3.1,1.1,2.7,0.2,0.9,0.8,1.2,1.1,0.9,1.9,0.5,0.4,0.7,1.2
Derrick Rose,16.8,8.4,3.2,7.4,0.3,1.2,1.6,1.8,0.5,0.9,1.4,1.5,1.4,0.2,0.6
Derrick Walton Jr.,9.2,1.8,0.5,1.6,0.4,1.1,0.4,0.4,0.1,0.9,1.0,1.0,0.1,0.2,0.4
Derrick White,8.2,3.2,0.9,1.9,0.5,0.8,0.8,1.2,0.3,1.2,1.5,0.5,0.4,0.2,0.5
Derrick Williams,4.3,1.0,0.5,2.0,0.0,1.0,0.0,0.0,0.0,0.5,0.5,0.0,0.0,0.0,0.0
Devin Booker,34.5,24.9,8.4,19.5,2.7,7.1,5.4,6.1,0.5,4.0,4.5,4.7,3.6,0.3,3.1
Devin Harris,18.9,8.4,2.6,6.4,1.1,3.2,2.0,2.4,0.2,1.6,1.8,2.1,1.1,0.2,2.2
Devin Robinson,13.2,2.0,1.0,3.0,0.0,0.0,0.0,0.0,2.0,3.0,5.0,0.0,0.0,0.0,2.0
Dewayne Dedmon,24.9,10.0,4.0,7.7,0.8,2.3,1.1,1.4,1.6,6.3,7.9,1.5,1.4,0.8,2.6
Deyonta Davis,15.2,5.8,2.6,4.3,0.0,0.0,0.6,0.9,1.2,2.8,4.0,0.6,0.5,0.6,2.0
Dillon Brooks,28.7,11.0,4.1,9.4,1.1,3.2,1.5,2.0,0.6,2.5,3.1,1.6,1.5,0.2,2.8
Dion Waiters,30.6,14.3,5.4,13.7,1.7,5.7,1.7,2.3,0.3,2.3,2.6,3.8,2.3,0.3,2.0
Dirk Nowitzki,24.7,12.0,4.5,9.8,1.8,4.4,1.3,1.4,0.3,5.4,5.7,1.6,0.7,0.6,1.9
Domantas Sabonis,24.5,11.6,4.6,8.9,0.2,0.5,2.3,3.0,2.2,5.5,7.7,2.0,1.9,0.4,3.0
Donovan Mitchell,33.4,20.5,7.5,17.2,2.4,7.0,3.0,3.8,0.7,3.1,3.7,3.7,2.7,0.3,2.7
Dorian Finney-Smith,21.3,5.9,2.2,5.8,1.0,3.2,0.5,0.7,1.0,2.5,3.6,1.2,1.0,0.2,2.0
Doug McDermott,21.8,7.8,2.9,6.3,1.1,2.7,0.8,1.0,0.5,2.0,2.5,1.0,0.7,0.2,1.5
Dragan Bender,25.2,6.5,2.3,5.9,1.4,3.9,0.5,0.6,0.5,3.9,4.4,1.6,1.4,0.6,2.0
Draymond Green,32.7,11.0,4.0,8.8,1.1,3.7,1.9,2.5,1.1,6.6,7.6,7.3,2.9,1.3,2.6
Dwayne Bacon,13.5,3.3,1.4,3.6,0.2,0.8,0.4,0.5,0.1,2.3,2.3,0.7,0.4,0.0,0.9
Dwight Buycks,14.7,7.4,2.8,6.8,0.5,1.6,1.2,1.4,0.4,1.0,1.4,2.0,1.3,0.1,1.3
Dwight Howard,30.4,16.6,6.2,11.2,0.0,0.1,4.1,7.2,3.1,9.3,12.5,1.3,2.6,1.6,3.1
Dwight Powell,21.2,8.5,3.2,5.4,0.4,1.1,1.7,2.3,1.7,3.9,5.6,1.2,0.7,0.4,2.4
Dwyane Wade,22.9,11.4,4.5,10.2,0.5,1.7,2.0,2.8,0.7,3.0,3.8,3.4,2.1,0.7,1.9
E'Twaun Moore,31.5,12.5,5.2,10.1,1.6,3.7,0.6,0.8,0.7,2.2,2.9,2.3,1.2,0.1,2.2
Ed Davis,18.9,5.3,2.2,3.7,0.0,0.0,0.9,1.4,2.3,5.0,7.4,0.5,0.8,0.7,2.4
Edmond Sumner,2.2,2.0,1.0,1.0,0.0,0.0,0.0,0.0,0.0,1.0,1.0,0.0,0.0,0.0,1.0
Ekpe Udoh,12.9,2.6,1.0,1.9,0.0,0.0,0.7,0.9,1.1,1.3,2.4,0.8,0.3,1.2,1.7
Elfrid Payton,28.7,12.7,5.2,10.6,0.5,1.5,1.7,2.7,1.0,3.3,4.3,6.2,2.7,0.3,2.3
Emeka Okafor,13.6,4.4,1.8,3.7,0.0,0.0,0.7,0.8,1.8,2.8,4.6,0.3,0.5,1.0,1.2
Emmanuel Mudiay,19.4,8.6,3.2,8.2,0.7,2.3,1.5,2.0,0.4,2.0,2.4,3.2,1.8,0.2,1.3
Enes Kanter,25.8,14.1,5.9,10.0,0.0,0.0,2.2,2.6,3.8,7.1,11.0,1.5,1.7,0.5,2.6
Eric Bledsoe,31.4,17.7,6.3,13.4,1.7,4.9,3.4,4.3,0.7,3.1,3.8,5.0,2.9,0.6,2.5
Eric Gordon,31.2,18.0,6.0,14.1,3.2,8.8,2.8,3.5,0.4,2.1,2.5,2.2,1.9,0.4,1.7
Eric Moreland,12.0,2.1,1.0,1.8,0.0,0.0,0.2,0.4,1.2,2.9,4.1,1.2,0.6,0.8,1.7
Erik McCree,1.9,0.0,0.0,0.5,0.0,0.3,0.0,0.0,0.0,0.3,0.3,0.0,0.3,0.0,0.0
Ersan Ilyasova,25.1,10.9,4.0,8.9,1.3,3.7,1.5,2.0,1.7,4.2,5.9,1.3,1.0,0.4,2.3
Evan Fournier,32.2,17.8,6.5,14.1,2.2,5.9,2.6,3.0,0.4,2.8,3.2,2.9,1.7,0.3,2.4
Evan Turner,25.7,8.2,3.3,7.3,0.5,1.7,1.2,1.4,0.4,2.7,3.1,2.2,1.3,0.4,2.1
Frank Kaminsky,23.2,11.1,3.9,9.1,1.3,3.5,2.0,2.5,0.6,3.1,3.6,1.6,0.8,0.2,1.2
Frank Mason,18.9,7.9,2.8,7.3,0.6,1.7,1.8,2.2,0.6,1.9,2.5,2.8,1.3,0.2,1.4
Frank Ntilikina,21.9,5.9,2.3,6.4,0.6,2.0,0.6,0.9,0.5,1.8,2.3,3.2,1.7,0.2,2.3
Fred VanVleet,20.0,8.6,3.1,7.2,1.4,3.4,1.1,1.3,0.3,2.1,2.4,3.2,1.0,0.3,1.7
Furkan Korkmaz,5.7,1.6,0.6,2.0,0.4,1.2,0.1,0.3,0.1,0.6,0.8,0.3,0.1,0.1,0.9
Garrett Temple,24.8,8.4,3.1,7.3,1.4,3.5,0.9,1.2,0.3,2.0,2.3,1.9,1.2,0.4,2.1
Gary Harris,34.4,17.5,6.6,13.6,2.3,5.9,2.0,2.4,0.6,2.1,2.6,2.9,1.8,0.2,1.8
Gary Payton II,9.6,3.0,1.3,3.2,0.3,1.1,0.1,0.4,0.6,1.3,1.9,0.9,0.3,0.1,1.3
George Hill,27.0,10.0,3.5,7.7,1.3,3.1,1.6,2.1,0.6,2.1,2.7,2.8,1.3,0.4,1.9
Georges Niang,3.5,1.0,0.4,1.2,0.0,0.4,0.1,0.2,0.3,0.7,1.0,0.3,0.3,0.0,0.1
Georgios Papagiannis,7.2,2.1,1.1,2.5,0.0,0.0,0.0,0.0,0.8,1.4,2.2,0.5,0.5,0.4,0.7
Gerald Green,22.7,12.1,4.1,10.1,2.7,7.3,1.2,1.5,0.4,2.9,3.2,0.6,0.8,0.4,2.1
Gian Clavell,9.1,2.9,0.9,2.6,0.9,2.1,0.3,0.3,0.1,0.9,1.0,0.4,0.3,0.0,1.1
Giannis Antetokounmpo,36.7,26.9,9.9,18.7,0.6,1.9,6.5,8.5,2.1,8.0,10.0,4.8,3.0,1.4,3.1
Glenn Robinson III,14.7,4.1,1.6,3.7,0.6,1.5,0.4,0.5,0.5,1.1,1.6,0.7,0.2,0.0,0.6
Goran Dragic,31.7,17.3,6.5,14.3,1.5,4.0,2.9,3.6,0.7,3.4,4.1,4.8,2.2,0.2,2.4
Gordon Hayward,5.3,2.0,1.0,2.0,0.0,1.0,0.0,0.0,0.0,1.0,1.0,0.0,0.0,0.0,1.0
Gorgui Dieng,16.9,5.9,2.4,4.9,0.2,0.8,1.0,1.3,1.3,3.2,4.6,0.9,0.7,0.5,1.9
Greg Monroe,20.4,10.3,4.3,7.6,0.0,0.0,1.7,2.3,2.1,4.7,6.9,2.2,1.8,0.5,1.9
Guerschon Yabusele,7.1,2.4,0.8,1.8,0.4,1.1,0.5,0.7,0.5,1.1,1.6,0.5,0.4,0.2,0.7
Harrison Barnes,34.2,18.9,7.0,15.7,1.5,4.3,3.4,4.1,1.0,5.1,6.1,2.0,1.5,0.2,1.2
Hassan Whiteside,25.3,14.0,5.8,10.7,0.0,0.0,2.4,3.4,3.2,8.2,11.4,1.0,1.7,1.7,2.4
Henry Ellenson,8.7,4.0,1.4,3.8,0.5,1.6,0.7,0.8,0.3,1.9,2.1,0.5,0.5,0.0,0.6
Ian Clark,19.7,7.4,3.0,6.7,0.8,2.6,0.6,0.8,0.1,1.6,1.7,1.5,0.8,0.1,1.6
Ian Mahinmi,14.9,4.8,1.8,3.2,0.0,0.0,1.2,1.7,1.8,2.3,4.1,0.7,1.3,0.5,3.0
Ike Anigbogu,2.7,1.2,0.4,0.8,0.0,0.0,0.5,0.5,0.5,0.4,0.8,0.0,0.2,0.3,0.1
Iman Shumpert,19.7,4.4,1.6,4.1,0.5,1.9,0.8,1.1,0.5,2.4,2.9,1.2,1.1,0.3,1.6
Isaiah Canaan,21.1,8.6,2.6,6.9,1.1,3.3,2.3,2.6,0.3,2.0,2.3,3.8,1.5,0.1,1.8
Isaiah Hicks,13.3,4.4,1.8,4.0,0.1,0.5,0.7,1.0,0.6,1.7,2.3,0.9,0.9,0.2,2.5
Isaiah Taylor,17.4,6.6,2.4,5.8,0.3,1.2,1.5,2.1,0.3,1.1,1.4,3.1,1.3,0.1,1.7
Isaiah Thomas,26.9,15.2,4.9,13.2,1.7,5.9,3.7,4.1,0.5,1.6,2.1,4.8,3.0,0.1,1.8
Isaiah Whitehead,11.2,6.3,2.5,5.4,0.4,1.1,0.8,1.2,0.3,1.4,1.6,1.3,1.5,0.1,1.4
Ish Smith,24.9,10.9,4.7,9.8,0.4,1.2,1.0,1.4,0.3,2.4,2.7,4.4,1.3,0.2,1.7
Ivan Rabb,14.3,5.6,2.4,4.2,0.0,0.0,0.8,1.0,1.5,2.9,4.4,0.9,1.0,0.4,1.5
Ivica Zubac,9.5,3.7,1.4,2.8,0.0,0.0,0.9,1.2,1.0,1.8,2.9,0.6,0.6,0.3,1.1
J.J. Barea,23.2,11.6,4.4,10.0,1.7,4.5,1.2,1.5,0.2,2.7,2.9,6.3,2.1,0.0,1.2
JJ Redick,30.2,17.1,5.8,12.6,2.8,6.6,2.8,3.1,0.1,2.4,2.5,3.0,1.5,0.1,1.8
JR Smith,28.1,8.3,3.0,7.4,1.8,4.8,0.5,0.7,0.4,2.6,2.9,1.8,1.0,0.1,2.0
JaKarr Sampson,15.6,4.7,2.0,3.7,0.2,0.5,0.5,0.7,1.0,2.6,3.5,0.4,0.4,1.0,2.2
JaMychal Green,28.0,10.3,4.1,8.9,0.8,2.3,1.5,2.0,2.7,5.8,8.4,1.4,1.4,0.5,2.8
JaVale McGee,9.5,4.8,2.1,3.4,0.0,0.1,0.6,0.8,0.9,1.7,2.6,0.5,0.4,0.9,1.4
Jabari Bird,8.8,3.0,1.2,2.0,0.2,0.5,0.5,1.0,0.5,1.0,1.5,0.6,0.6,0.1,0.5
Jabari Parker,24.0,12.6,5.2,10.7,1.0,2.6,1.3,1.7,1.4,3.5,4.9,1.9,1.5,0.3,1.6
Jack Cooley,12.5,5.7,1.9,3.9,0.0,0.0,2.0,2.7,2.0,2.3,4.3,0.9,0.4,0.0,1.9
Jacob Pullen,2.0,0.7,0.3,0.7,0.0,0.3,0.0,0.0,0.0,0.0,0.0,0.0,0.3,0.0,0.0
Jacob Wiley,6.7,0.8,0.2,0.8,0.2,0.4,0.2,0.4,0.4,1.8,2.2,0.4,0.0,0.0,0.8
Jae Crowder,26.1,9.7,3.4,8.4,1.4,4.3,1.5,1.9,0.7,2.7,3.4,1.2,0.9,0.3,2.3
Jahlil Okafor,12.6,6.3,2.8,4.9,0.0,0.1,0.8,1.0,0.8,2.3,3.0,0.4,0.8,0.6,1.8
Jake Layman,4.6,1.0,0.4,1.3,0.1,0.6,0.1,0.1,0.1,0.3,0.5,0.3,0.1,0.1,0.4
Jakob Poeltl,18.6,6.9,3.1,4.7,0.0,0.0,0.7,1.2,2.0,2.8,4.8,0.7,1.0,1.2,2.6
Jalen Jones,11.3,4.6,1.6,4.3,0.6,1.6,0.8,1.2,0.8,1.6,2.4,0.3,0.4,0.1,1.4
Jamal Crawford,20.7,10.3,3.9,9.3,1.3,3.9,1.3,1.4,0.3,1.0,1.2,2.3,1.2,0.1,1.1
Jamal Murray,31.7,16.7,5.9,13.1,2.0,5.4,2.8,3.1,1.0,2.7,3.7,3.4,2.1,0.3,2.1
Jameel Warney,9.0,5.7,2.3,4.0,0.0,0.0,1.0,1.7,1.3,1.7,3.0,0.0,0.3,0.0,0.7
Jameer Nelson,20.3,4.9,1.9,4.9,0.8,2.5,0.3,0.4,0.3,1.8,2.1,3.6,1.3,0.1,1.6
Jamel Artis,18.6,5.1,2.1,5.3,0.5,1.9,0.5,0.8,0.3,2.3,2.5,1.2,0.5,0.2,0.7
James Ennis III,22.3,7.1,2.5,5.3,0.7,2.1,1.3,1.6,1.0,2.1,3.1,1.0,0.8,0.3,1.9
James Harden,35.4,30.4,9.0,20.1,3.7,10.0,8.7,10.1,0.6,4.8,5.4,8.8,4.4,0.7,2.3
James Johnson,26.6,10.8,4.2,8.4,0.8,2.5,1.5,2.2,0.8,4.1,4.9,3.8,1.9,0.7,2.6
James Michael McAdoo,6.0,2.7,0.7,2.3,0.7,2.3,0.7,0.7,0.0,0.7,0.7,0.0,0.3,0.3,0.3
James Webb III,12.0,1.6,0.6,2.4,0.4,1.9,0.0,0.0,0.8,1.6,2.4,0.4,0.4,0.0,1.0
James Young,10.2,2.8,0.8,2.3,0.5,1.7,0.7,1.0,0.0,0.3,0.3,0.3,0.2,0.0,0.7
Jamil Wilson,18.3,7.0,2.5,5.4,1.8,4.2,0.1,0.3,0.2,1.9,2.1,0.7,0.5,0.5,2.3
Jared Dudley,14.3,3.2,1.0,2.5,0.6,1.7,0.6,0.7,0.2,1.8,2.0,1.6,0.6,0.2,1.8
Jarell Eddie,2.9,0.0,0.0,0.7,0.0,0.7,0.0,0.0,0.0,0.3,0.3,0.0,0.0,0.0,0.0
Jarell Martin,22.7,7.7,3.0,6.8,0.5,1.3,1.2,1.6,1.3,3.0,4.4,1.0,1.2,0.7,2.9
Jarrett Allen,20.0,8.2,3.3,5.5,0.1,0.2,1.6,2.0,2.0,3.4,5.4,0.7,1.1,1.2,2.0
Jarrett Jack,25.0,7.5,3.0,7.1,0.4,1.4,1.0,1.2,0.4,2.7,3.1,5.6,1.9,0.1,1.6
Jason Smith,8.6,3.4,1.4,3.5,0.1,1.0,0.6,0.6,0.5,1.1,1.6,0.4,0.5,0.4,1.3
Jason Terry,16.0,3.3,1.2,3.0,0.8,2.3,0.2,0.2,0.1,0.8,0.9,1.2,0.5,0.3,1.0
Jawun Evans,16.2,4.8,1.9,5.3,0.3,1.1,0.8,1.0,0.2,1.6,1.8,2.1,0.9,0.1,2.0
Jaylen Brown,30.7,14.5,5.3,11.5,1.7,4.4,2.1,3.3,0.9,4.0,4.9,1.6,1.8,0.4,2.6
Jaylen Morris,16.4,4.7,2.2,5.3,0.3,1.7,0.0,0.0,0.3,2.3,2.7,1.2,1.0,0.2,0.3
Jayson Tatum,30.5,13.9,5.0,10.4,1.3,3.0,2.7,3.2,0.6,4.4,5.0,1.6,1.4,0.7,2.1
Jeff Green,23.4,10.8,3.8,7.9,0.7,2.2,2.6,3.0,0.8,2.4,3.2,1.3,1.0,0.4,1.9
Jeff Teague,33.0,14.2,5.1,11.3,1.2,3.3,2.9,3.4,0.3,2.6,3.0,7.0,2.5,0.3,2.4
Jeff Withey,3.9,1.5,0.6,1.6,0.2,1.0,0.1,0.2,0.1,0.9,1.0,0.0,0.2,0.3,0.3
Jerami Grant,20.3,8.4,3.0,5.6,0.4,1.4,2.0,3.0,1.1,2.9,3.9,0.7,0.7,1.0,1.9
Jeremy Evans,5.4,2.0,1.0,1.0,0.0,0.0,0.0,0.0,1.0,0.0,1.0,0.0,1.0,0.0,1.0
Jeremy Lamb,24.6,12.9,4.8,10.4,1.2,3.2,2.2,2.6,0.6,3.4,4.1,2.3,1.2,0.4,1.7
Jeremy Lin,25.2,18.0,5.0,12.0,1.0,2.0,7.0,7.0,0.0,0.0,0.0,4.0,3.0,0.0,3.0
Jerian Grant,22.8,8.4,2.8,6.8,0.8,2.5,1.9,2.5,0.4,1.9,2.3,4.6,1.2,0.1,1.8
Jerryd Bayless,23.7,7.9,2.8,6.7,1.4,3.7,0.9,1.1,0.4,1.7,2.1,1.4,1.2,0.2,2.3
Jimmy Butler,36.7,22.2,7.4,15.6,1.2,3.4,6.2,7.2,1.3,4.0,5.3,4.9,1.8,0.4,1.3
Joakim Noah,5.7,1.7,0.7,1.4,0.0,0.0,0.3,0.6,0.9,1.1,2.0,0.6,0.6,0.3,0.7
Jodie Meeks,14.5,6.3,2.0,5.1,0.9,2.7,1.3,1.5,0.2,1.4,1.6,0.9,0.5,0.1,0.7
Joe Harris,25.3,10.8,3.9,8.0,1.9,4.6,1.1,1.3,0.7,2.7,3.3,1.6,1.2,0.3,2.0
Joe Ingles,31.4,11.5,4.1,8.8,2.5,5.7,0.8,1.0,0.3,3.9,4.2,4.8,1.9,0.2,2.2
Joe Johnson,21.9,6.8,2.7,6.5,0.7,2.6,0.7,0.8,0.3,2.9,3.1,1.5,0.9,0.1,1.2
Joe Young,10.5,3.9,1.5,3.5,0.5,1.2,0.4,0.5,0.2,1.0,1.2,0.7,0.5,0.0,0.7
Joel Bolomboy,6.3,1.5,0.5,1.0,0.0,0.2,0.5,1.0,1.0,0.7,1.7,0.0,0.3,0.0,0.5
Joel Embiid,30.4,22.9,8.1,16.8,1.0,3.4,5.7,7.4,2.3,8.7,11.0,3.2,3.7,1.8,3.3
Joffrey Lauvergne,9.7,4.1,1.8,3.5,0.0,0.1,0.5,0.9,1.1,2.0,3.1,0.7,0.6,0.1,0.8
John Collins,24.1,10.5,4.2,7.4,0.2,0.6,1.8,2.5,2.4,4.9,7.3,1.3,1.4,1.1,2.9
John Henson,25.9,8.8,3.8,6.6,0.0,0.1,1.2,2.1,2.0,4.8,6.8,1.5,1.1,1.4,2.7
John Holland,7.3,2.3,0.7,2.5,0.5,1.5,0.4,0.5,0.3,0.8,1.0,0.2,0.3,0.1,0.4
John Wall,34.4,19.4,6.8,16.3,1.5,4.1,4.3,5.9,0.5,3.1,3.7,9.6,3.9,1.1,2.0
Johnathan Motley,16.0,8.7,3.6,6.8,0.1,0.5,1.4,2.5,1.3,3.2,4.5,0.6,0.8,0.2,1.6
Johnny O'Bryant III,10.5,4.8,1.9,4.8,0.4,1.2,0.6,0.7,0.8,1.8,2.6,0.4,0.4,0.2,1.3
Jon Leuer,17.1,5.4,1.9,4.5,0.0,0.4,1.6,1.9,0.9,3.1,4.0,0.6,0.9,0.4,2.0
Jonas Jerebko,15.3,5.8,2.1,4.6,0.9,2.1,0.6,0.8,0.7,2.6,3.3,0.6,0.4,0.2,1.7
Jonas Valanciunas,22.4,12.7,5.1,8.9,0.4,1.0,2.2,2.7,2.4,6.2,8.6,1.1,1.5,0.9,2.5
Jonathan Gibson,10.0,8.5,3.5,5.8,1.5,3.0,0.0,0.0,0.0,0.8,0.8,1.0,0.8,0.0,1.3
Jonathan Isaac,19.8,5.4,2.0,5.4,0.6,1.7,0.7,0.9,0.6,3.1,3.7,0.7,1.0,1.1,1.8
Jonathon Simmons,29.4,13.9,5.1,11.0,1.0,3.0,2.7,3.5,0.9,2.6,3.5,2.5,2.1,0.2,2.5
Jordan Bell,14.2,4.6,2.0,3.2,0.0,0.1,0.5,0.8,1.1,2.6,3.6,1.8,0.9,1.0,1.6
Jordan Clarkson,23.3,13.9,5.3,11.8,1.4,3.9,1.9,2.3,0.7,2.0,2.7,2.7,1.6,0.1,1.3
Jordan Crawford,10.7,6.6,2.4,5.4,1.6,2.8,0.2,0.2,0.4,0.4,0.8,2.6,1.0,0.2,1.4
Jordan Mickey,12.4,4.0,1.7,3.6,0.1,0.7,0.6,0.8,0.8,2.7,3.5,0.4,0.8,0.4,1.6
Jose Calderon,16.0,4.5,1.6,3.2,0.8,1.7,0.4,0.5,0.2,1.2,1.5,2.1,0.7,0.0,1.4
Josh Gray,17.3,6.4,2.2,8.2,0.6,2.6,1.4,2.2,0.4,1.6,2.0,2.4,1.4,0.4,1.6
Josh Hart,23.2,7.9,2.8,6.0,1.2,3.1,1.0,1.5,0.7,3.5,4.2,1.3,0.7,0.3,1.7
Josh Huestis,14.2,2.3,0.9,2.6,0.5,1.7,0.1,0.3,0.6,1.7,2.3,0.3,0.4,0.6,1.2
Josh Jackson,25.4,13.1,5.1,12.1,0.7,2.8,2.3,3.6,1.2,3.3,4.6,1.5,1.9,0.5,2.8
Josh Magette,12.0,2.6,0.8,2.6,0.4,1.2,0.4,0.4,0.1,0.9,1.1,3.2,0.5,0.1,0.9
Josh McRoberts,2.9,0.0,0.0,0.5,0.0,0.5,0.0,0.0,0.0,0.0,0.0,0.0,0.0,0.0,1.0
Josh Richardson,33.2,12.9,4.9,10.9,1.6,4.1,1.5,1.8,0.9,2.7,3.5,2.9,1.7,0.9,2.5
Josh Smith,3.9,0.7,0.3,1.3,0.0,0.0,0.0,0.0,1.0,0.3,1.3,0.0,0.0,0.0,1.0
Jrue Holiday,36.1,19.0,7.6,15.4,1.5,4.4,2.3,2.9,0.8,3.7,4.5,6.0,2.6,0.8,2.5
Juancho Hernangomez,11.1,3.3,1.2,3.0,0.6,2.0,0.4,0.5,0.7,1.4,2.2,0.5,0.4,0.1,1.0
Julius Randle,26.7,16.1,6.1,11.0,0.1,0.5,3.7,5.2,2.2,5.8,8.0,2.6,2.6,0.5,3.3
Julyan Stone,7.6,0.8,0.3,0.6,0.3,0.6,0.0,0.1,0.0,1.2,1.3,1.1,0.3,0.1,0.9
Justin Anderson,13.7,6.2,2.3,5.3,0.9,2.7,0.7,1.0,0.7,1.8,2.4,0.7,0.4,0.2,1.4
Justin Holiday,31.5,12.2,4.0,10.9,2.2,6.2,1.9,2.3,0.4,3.6,4.0,2.1,1.3,0.4,1.9
Justin Jackson,22.2,6.7,2.7,6.2,0.8,2.7,0.4,0.5,0.4,2.4,2.8,1.1,0.6,0.2,1.2
Justin Patton,3.7,2.0,1.0,2.0,0.0,0.0,0.0,0.0,0.0,0.0,0.0,0.0,0.0,0.0,1.0
Justise Winslow,24.7,7.8,3.0,7.2,0.7,1.9,1.0,1.5,0.9,4.5,5.4,2.2,1.1,0.5,2.1
Jusuf Nurkic,26.4,14.3,6.1,12.0,0.0,0.1,2.2,3.5,2.4,6.6,9.0,1.8,2.3,1.4,3.1
Kadeem Allen,6.0,1.1,0.3,1.2,0.0,0.6,0.4,0.5,0.2,0.4,0.6,0.7,0.5,0.1,0.8
Karl-Anthony Towns,35.6,21.3,7.8,14.3,1.5,3.5,4.2,4.9,2.9,9.4,12.3,2.4,1.9,1.4,3.5
Kawhi Leonard,23.3,16.2,5.8,12.3,1.2,3.9,3.4,4.2,0.7,4.0,4.7,2.3,1.8,1.0,1.0
Kay Felder,8.7,3.6,1.3,4.4,0.3,1.2,0.7,0.8,0.2,0.9,1.1,1.3,1.0,0.1,0.7
Kelly Olynyk,23.4,11.5,4.2,8.4,1.4,3.7,1.8,2.3,1.2,4.5,5.7,2.7,1.9,0.5,2.9
Kelly Oubre Jr.,27.5,11.8,3.9,9.8,1.6,4.6,2.4,2.9,0.7,3.8,4.5,1.2,1.1,0.4,2.9
Kemba Walker,34.2,22.1,7.4,17.0,2.9,7.5,4.5,5.3,0.4,2.7,3.1,5.6,2.2,0.3,1.2
Kendrick Perkins,14.5,3.0,1.0,2.0,0.0,0.0,1.0,2.0,0.0,1.0,1.0,2.0,1.0,0.0,1.0
Kenneth Faried,14.4,5.9,2.4,4.6,0.0,0.0,1.1,1.6,2.1,2.7,4.8,0.6,0.7,0.4,1.6
Kent Bazemore,27.5,12.9,4.4,10.4,1.7,4.2,2.5,3.1,0.4,3.4,3.8,3.5,2.4,0.7,2.3
Kentavious Caldwell-Pope,33.2,13.4,4.6,10.8,2.1,5.6,2.1,2.6,0.8,4.4,5.2,2.2,1.3,0.2,2.0
Kevin Durant,34.2,26.4,9.3,18.0,2.5,6.1,5.3,5.9,0.5,6.4,6.8,5.4,3.0,1.8,2.0
Kevin Love,28.0,17.6,5.7,12.4,2.3,5.6,4.0,4.5,1.7,7.5,9.3,1.7,1.5,0.4,2.0
Kevon Looney,13.8,4.0,1.7,2.9,0.0,0.1,0.6,1.2,1.3,2.0,3.3,0.6,0.5,0.8,1.6
Khem Birch,13.8,4.2,1.6,3.0,0.0,0.0,1.0,1.5,1.7,2.6,4.3,0.8,0.5,0.5,1.3
Khris Middleton,36.4,20.1,7.2,15.5,1.8,5.0,3.9,4.4,0.5,4.7,5.2,4.0,2.3,0.3,3.3
Klay Thompson,34.3,20.0,7.9,16.1,3.1,7.1,1.1,1.3,0.4,3.4,3.8,2.5,1.8,0.5,1.6
Kobi Simmons,20.1,6.1,2.5,5.9,0.3,1.2,0.8,0.8,0.4,1.1,1.6,2.1,1.4,0.2,1.9
Kosta Koufos,19.6,6.7,3.1,5.5,0.0,0.0,0.5,1.0,2.1,4.5,6.6,1.2,0.7,0.5,2.1
Kris Dunn,29.3,13.4,5.5,12.8,0.8,2.6,1.6,2.2,0.5,3.8,4.3,6.0,2.9,0.5,3.3
Kristaps Porzingis,32.4,22.7,8.1,18.5,1.9,4.8,4.5,5.7,1.3,5.3,6.6,1.2,1.9,2.4,2.9
Kyle Anderson,26.7,7.9,3.1,5.9,0.3,0.8,1.4,2.0,1.1,4.2,5.4,2.7,1.3,0.8,1.5
Kyle Collinsworth,15.0,3.2,1.2,3.1,0.1,0.5,0.7,1.3,1.0,2.3,3.3,1.8,0.8,0.3,1.4
Kyle Korver,21.6,9.2,3.0,6.6,2.2,5.2,0.9,1.0,0.1,2.1,2.3,1.2,0.8,0.4,1.8
Kyle Kuzma,31.2,16.1,6.1,13.5,2.1,5.6,1.9,2.7,1.1,5.1,6.3,1.8,1.8,0.4,2.1
Kyle Lowry,32.2,16.2,5.2,12.1,3.1,7.6,2.9,3.3,0.8,4.7,5.6,6.9,2.3,0.2,2.5
Kyle O'Quinn,18.0,7.1,2.9,5.0,0.1,0.2,1.3,1.6,1.6,4.5,6.1,2.1,1.3,1.3,2.5
Kyle Singler,4.9,1.9,0.6,1.8,0.2,0.4,0.6,1.1,0.1,0.8,0.8,0.2,0.3,0.0,0.3
Kyrie Irving,32.2,24.4,8.9,18.1,2.8,6.8,3.9,4.4,0.6,3.2,3.8,5.1,2.3,0.3,2.0
LaMarcus Aldridge,33.4,23.1,9.2,18.0,0.4,1.2,4.5,5.3,3.3,5.2,8.5,2.0,1.5,1.2,2.1
Lance Stephenson,22.6,9.2,3.7,8.6,0.8,2.8,1.0,1.5,0.8,4.4,5.2,2.9,1.6,0.2,2.2
Lance Thomas,18.5,4.1,1.4,3.7,0.7,1.7,0.6,0.7,0.6,1.8,2.4,0.6,0.6,0.2,1.8
Langston Galloway,14.9,6.2,2.2,5.9,1.3,3.8,0.6,0.7,0.2,1.4,1.6,1.0,0.3,0.1,0.7
Larry Drew II,7.0,1.7,0.7,2.4,0.3,0.9,0.0,0.0,0.3,0.0,0.3,1.0,0.3,0.0,0.6
Larry Nance Jr.,21.5,8.7,3.6,6.3,0.0,0.2,1.4,2.1,2.4,4.4,6.8,1.2,0.8,0.6,2.6
Lauri Markkanen,29.7,15.2,5.5,12.7,2.1,5.9,2.1,2.4,1.2,6.3,7.5,1.2,1.2,0.6,1.5
LeBron James,36.9,27.5,10.5,19.3,1.8,5.0,4.7,6.5,1.2,7.5,8.6,9.1,4.2,0.9,1.7
London Perrantes,4.7,0.5,0.1,0.9,0.0,0.2,0.2,0.4,0.1,0.2,0.3,0.4,0.1,0.1,0.4
Lonzo Ball,34.2,10.2,3.9,10.8,1.7,5.7,0.6,1.4,1.3,5.6,6.9,7.2,2.6,0.8,2.3
Lorenzo Brown,9.9,2.3,1.0,2.4,0.1,0.9,0.1,0.1,0.1,1.0,1.1,0.9,0.2,0.0,0.5
Lou Williams,32.8,22.6,7.4,16.9,2.4,6.6,5.5,6.2,0.5,2.0,2.5,5.3,3.0,0.2,1.3
Luc Mbah a Moute,25.6,7.5,2.7,5.7,1.0,2.8,1.1,1.6,0.4,2.7,3.0,0.9,1.1,0.4,1.6
Lucas Nogueira,8.5,2.5,1.0,1.6,0.1,0.4,0.4,0.6,0.4,1.4,1.8,0.4,0.3,0.9,1.0
Luis Montero,4.0,0.0,0.0,0.5,0.0,0.0,0.0,0.0,0.0,1.0,1.0,0.0,1.0,0.0,0.0
Luke Babbitt,14.3,5.2,1.8,4.3,1.2,3.1,0.3,0.4,0.1,1.8,1.9,0.6,0.4,0.1,1.1
Luke Kennard,20.0,7.6,2.8,6.4,1.1,2.7,0.9,1.0,0.3,2.1,2.4,1.7,0.9,0.2,1.2
Luke Kornet,16.3,6.7,2.5,6.3,1.4,4.0,0.4,0.6,0.6,2.7,3.2,1.3,0.6,0.8,1.4
Luol Deng,13.1,2.0,1.0,2.0,0.0,0.0,0.0,0.0,0.0,0.0,0.0,1.0,1.0,0.0,0.0
Malachi Richardson,12.4,3.4,1.2,3.5,0.5,1.5,0.7,0.8,0.2,1.1,1.3,0.5,0.4,0.0,1.0
Malcolm Brogdon,29.9,13.0,5.1,10.5,1.3,3.4,1.6,1.8,0.5,2.8,3.3,3.2,1.4,0.3,2.7
Malcolm Delaney,18.8,6.3,2.0,5.3,0.9,2.3,1.4,1.7,0.2,1.7,1.9,3.0,1.2,0.1,1.5
Malcolm Miller,8.4,2.5,0.9,1.9,0.5,1.4,0.3,0.3,0.3,0.7,1.0,0.2,0.3,0.1,0.7
Malik Beasley,9.4,3.2,1.2,2.9,0.5,1.3,0.4,0.5,0.2,0.9,1.1,0.5,0.4,0.1,0.6
Malik Monk,13.5,6.7,2.4,6.7,1.3,3.9,0.5,0.6,0.1,0.9,1.0,1.4,0.8,0.1,1.0
Mangok Mathiang,5.0,2.0,1.0,1.8,0.0,0.0,0.0,0.3,0.8,1.8,2.5,0.0,0.0,0.0,1.3
Manu Ginobili,20.0,8.9,3.1,7.1,1.0,3.0,1.7,2.0,0.3,1.9,2.2,2.5,1.6,0.2,1.9
MarShon Brooks,27.5,20.1,7.3,14.6,2.7,4.6,2.9,3.3,1.1,1.9,3.0,3.6,2.3,0.4,0.9
Marc Gasol,33.0,17.2,5.9,14.2,1.5,4.4,3.8,4.6,1.1,7.0,8.1,4.2,2.7,1.4,2.5
Marcin Gortat,25.3,8.4,3.5,6.8,0.0,0.0,1.3,2.0,2.2,5.4,7.6,1.8,1.2,0.7,2.1
Marco Belinelli,24.3,12.1,4.2,9.6,1.9,4.9,1.9,2.0,0.3,1.6,1.9,1.9,1.2,0.2,1.1
Marcus Georges-Hunt,5.3,1.4,0.5,1.1,0.1,0.4,0.3,0.5,0.2,0.2,0.4,0.2,0.1,0.0,0.8
Marcus Morris Sr.,26.7,13.6,4.9,11.3,1.6,4.3,2.3,2.9,0.8,4.6,5.4,1.3,1.2,0.2,1.9
Marcus Paige,5.6,2.4,0.8,2.8,0.4,1.6,0.4,0.4,0.0,0.8,0.8,0.6,0.0,0.0,0.0
Marcus Smart,29.9,10.2,3.5,9.5,1.4,4.6,1.8,2.5,0.8,2.7,3.5,4.8,2.4,0.4,2.5
Mario Chalmers,21.5,7.7,2.5,6.7,0.8,2.9,1.8,2.1,0.2,2.2,2.4,3.0,1.8,0.2,2.7
Mario Hezonja,22.1,9.6,3.6,8.2,1.2,3.6,1.1,1.4,0.5,3.2,3.7,1.4,1.1,0.4,1.8
Markel Brown,7.9,1.3,0.5,1.8,0.3,1.3,0.0,0.0,0.3,1.0,1.3,0.5,0.5,0.0,1.5
Markelle Fultz,18.1,7.1,3.2,7.9,0.0,0.1,0.7,1.5,0.8,2.3,3.1,3.8,1.2,0.3,1.6
Markieff Morris,27.0,11.5,4.5,9.4,1.0,2.8,1.4,1.8,1.0,4.6,5.6,1.9,1.7,0.5,3.0
Marquese Chriss,21.2,7.7,2.8,6.6,0.8,2.6,1.3,2.2,1.1,4.4,5.5,1.2,1.5,1.0,2.8
Marquis Teague,24.6,3.7,1.3,5.3,0.3,1.3,0.7,1.7,0.3,1.7,2.0,4.3,1.0,0.0,1.7
Marreese Speights,13.0,7.7,2.7,6.7,1.7,4.5,0.8,1.1,0.4,2.2,2.6,0.8,0.8,0.4,2.0
Marshall Plumlee,6.5,1.8,0.1,0.4,0.0,0.0,1.5,2.0,0.5,1.6,2.1,0.3,0.4,0.1,1.3
Marvin Williams,25.7,9.5,3.3,7.2,1.6,3.9,1.3,1.6,0.9,3.8,4.7,1.2,0.8,0.5,1.5
Mason Plumlee,19.5,7.1,3.0,5.0,0.0,0.0,1.1,2.4,1.8,3.6,5.4,1.9,1.4,1.1,2.5
Matt Costello,8.1,1.0,0.5,1.0,0.0,0.0,0.0,0.0,0.3,2.0,2.3,0.5,0.3,0.5,1.8
Matt Williams Jr.,3.8,1.7,0.7,2.0,0.3,1.7,0.0,0.0,0.0,0.3,0.3,0.0,0.3,0.0,0.3
Matthew Dellavedova,18.7,4.3,1.4,4.0,0.8,2.1,0.7,0.7,0.4,1.3,1.7,3.8,1.3,0.0,1.8
Maurice Harkless,21.4,6.5,2.5,5.0,0.8,2.0,0.7,1.0,0.8,2.0,2.7,0.9,0.7,0.7,1.7
Maxi Kleber,16.8,5.4,2.1,4.3,0.6,1.8,0.6,0.8,1.0,2.3,3.3,0.7,0.4,0.7,1.6
Meyers Leonard,7.7,3.4,1.4,2.4,0.3,0.8,0.3,0.3,0.4,1.8,2.1,0.5,0.3,0.0,1.1
Michael Beasley,22.3,13.2,5.5,10.9,0.5,1.2,1.7,2.1,1.3,4.3,5.6,1.7,1.9,0.6,2.0
Michael Carter-Williams,16.1,4.6,1.5,4.4,0.3,1.1,1.4,1.7,0.7,1.9,2.7,2.2,1.0,0.4,1.9
Michael Kidd-Gilchrist,25.0,9.2,3.8,7.6,0.0,0.0,1.6,2.3,1.1,2.9,4.1,1.0,0.7,0.4,1.9
Mike Conley,31.1,17.1,5.3,14.0,2.0,6.4,4.4,5.5,0.0,2.3,2.3,4.1,1.5,0.3,2.0
Mike James,19.1,9.3,3.4,8.9,0.7,2.7,1.8,2.3,0.4,2.1,2.5,3.5,1.4,0.2,1.3
Mike Muscala,20.0,7.6,2.7,5.9,1.2,3.2,1.1,1.2,1.1,3.3,4.3,1.0,0.8,0.5,1.5
Mike Scott,18.5,8.8,3.6,6.9,0.9,2.1,0.7,1.0,0.7,2.6,3.3,1.1,1.0,0.1,1.9
Miles Plumlee,16.7,4.3,1.9,3.3,0.0,0.0,0.5,1.1,1.4,2.7,4.1,0.8,1.1,0.5,1.4
Milos Teodosic,25.2,9.5,3.4,8.0,2.0,5.2,0.9,1.0,0.4,2.4,2.8,4.6,2.2,0.1,2.3
Milton Doyle,12.5,3.4,1.3,4.7,0.4,2.3,0.4,0.8,0.3,1.5,1.8,1.0,0.2,0.2,1.3
Mindaugas Kuzminskas,1.9,0.0,0.0,2.0,0.0,0.0,0.0,0.0,0.0,0.0,0.0,0.0,0.0,0.0,0.0
Mirza Teletovic,15.9,7.1,2.5,5.7,2.1,4.5,0.0,0.0,0.3,2.0,2.3,1.0,0.7,0.1,1.4
Monte Morris,8.4,3.3,1.3,2.0,0.0,0.3,0.7,0.7,0.0,0.7,0.7,2.3,0.3,0.0,0.3
Montrezl Harrell,17.0,11.0,4.6,7.2,0.0,0.1,1.8,2.9,1.4,2.7,4.0,1.0,0.9,0.7,1.9
Myke Henry,18.9,5.4,2.1,5.5,1.0,2.9,0.3,0.5,0.5,1.4,1.9,1.1,1.0,0.3,1.4
Myles Turner,28.2,12.7,4.7,9.8,0.9,2.4,2.5,3.2,1.4,5.0,6.4,1.3,1.5,1.8,2.9
Nate Wolters,3.8,0.4,0.2,1.2,0.0,0.0,0.0,0.0,0.2,0.2,0.4,0.2,0.0,0.0,0.2
Naz Mitrou-Long,0.5,3.0,1.0,1.0,1.0,1.0,0.0,0.0,0.0,0.0,0.0,0.0,0.0,0.0,0.0
Nemanja Bjelica,20.5,6.8,2.6,5.5,1.1,2.7,0.5,0.7,0.8,3.3,4.1,1.3,0.8,0.2,2.1
Nene,14.6,6.5,2.6,4.6,0.0,0.0,1.3,2.1,1.0,2.3,3.4,0.9,0.7,0.3,2.4
Nerlens Noel,15.7,4.4,1.8,3.5,0.0,0.0,0.7,0.9,1.6,4.0,5.6,0.7,0.9,0.7,2.0
Nick Collison,5.0,2.1,0.9,1.3,0.0,0.0,0.3,0.9,0.5,0.9,1.3,0.3,0.5,0.0,0.5
Nick Young,17.4,7.3,2.5,6.1,1.5,4.1,0.7,0.8,0.3,1.3,1.6,0.5,0.5,0.1,1.3
Nicolas Batum,31.0,11.6,4.2,10.2,1.4,4.3,1.7,2.0,0.9,3.9,4.8,5.5,2.0,0.4,1.1
Nicolas Brussino,2.5,0.0,0.0,0.5,0.0,0.5,0.0,0.0,0.0,0.8,0.8,0.0,0.0,0.0,0.0
Nigel Hayes,13.6,3.0,1.2,3.7,0.4,1.8,0.1,0.3,0.4,2.0,2.4,0.7,0.2,0.3,0.9
Nik Stauskas,12.8,4.4,1.5,3.8,1.0,2.4,0.5,0.7,0.1,1.5,1.6,1.0,0.6,0.1,0.6
Nikola Jokic,32.6,18.5,6.7,13.5,1.5,3.7,3.5,4.2,2.6,8.1,10.7,6.1,2.8,0.8,2.8
Nikola Mirotic,27.2,15.6,5.6,12.4,2.5,6.5,2.0,2.5,1.1,6.3,7.4,1.5,1.1,0.7,2.0
Nikola Vucevic,29.5,16.5,7.0,14.7,1.1,3.6,1.4,1.6,1.8,7.4,9.2,3.4,1.9,1.1,2.5
Noah Vonleh,16.2,4.9,1.9,4.3,0.4,1.2,0.7,1.1,1.3,4.5,5.8,0.6,0.6,0.3,1.3
Norman Powell,15.2,5.5,2.1,5.3,0.8,2.7,0.5,0.6,0.2,1.5,1.7,1.3,0.9,0.2,1.6
OG Anunoby,20.0,5.9,2.2,4.7,1.0,2.7,0.5,0.8,0.6,1.9,2.5,0.7,0.6,0.2,1.8
Okaro White,13.3,3.3,1.2,2.7,0.7,1.8,0.3,0.5,0.5,1.3,1.8,0.3,0.2,0.2,1.0
Omari Johnson,18.8,5.5,2.3,5.3,1.0,3.0,0.0,0.0,1.0,1.8,2.8,1.8,0.8,0.0,1.5
Omer Asik,10.1,1.2,0.5,1.2,0.0,0.0,0.2,0.7,0.5,2.1,2.6,0.2,0.5,0.2,1.1
Omri Casspi,14.0,5.7,2.3,3.9,0.2,0.4,0.9,1.3,0.6,3.2,3.8,1.0,0.7,0.4,1.3
Otto Porter Jr.,31.6,14.7,5.8,11.5,1.8,4.1,1.4,1.7,1.3,5.1,6.4,2.0,1.0,0.5,2.0
P.J. Dozier,1.6,1.0,0.5,1.0,0.0,0.0,0.0,0.0,0.0,0.5,0.5,0.0,0.5,0.0,0.5
P.J. Tucker,27.8,6.1,2.1,5.4,1.4,3.8,0.5,0.7,1.1,4.4,5.6,0.9,0.9,0.3,2.5
Pascal Siakam,20.7,7.3,3.1,6.1,0.4,1.6,0.7,1.1,1.0,3.5,4.5,2.0,0.8,0.5,2.0
Pat Connaughton,18.1,5.4,2.0,4.8,0.9,2.6,0.5,0.5,0.4,1.5,2.0,1.1,0.5,0.3,1.5
Patrick Beverley,30.3,12.2,4.4,10.8,2.2,5.5,1.3,1.5,1.5,2.6,4.1,2.9,2.3,0.5,3.1
Patrick McCaw,16.9,4.0,1.6,3.9,0.3,1.4,0.5,0.6,0.3,1.2,1.4,1.4,0.7,0.2,1.2
Patrick Patterson,15.5,3.9,1.3,3.2,0.8,2.1,0.5,0.6,0.4,2.0,2.4,0.7,0.4,0.3,1.1
Patty Mills,25.7,10.0,3.4,8.3,1.9,5.0,1.3,1.4,0.3,1.6,1.9,2.8,1.3,0.1,1.6
Pau Gasol,23.5,10.1,3.7,8.1,0.6,1.6,2.1,2.7,1.7,6.4,8.0,3.1,1.4,1.0,1.6
Paul George,36.6,21.9,7.3,17.0,3.1,7.7,4.3,5.2,0.9,4.7,5.7,3.3,2.7,0.5,2.9
Paul Millsap,30.1,14.6,5.3,11.4,1.0,3.0,2.9,4.2,1.7,4.7,6.4,2.8,1.9,1.2,2.6
Paul Zipser,15.3,4.0,1.5,4.3,0.7,2.0,0.4,0.5,0.2,2.2,2.4,0.9,0.8,0.3,1.6
Quincy Acy,19.4,5.9,1.9,5.2,1.5,4.2,0.7,0.9,0.6,3.1,3.7,0.8,0.9,0.4,2.1
Quincy Pondexter,8.5,2.0,0.6,2.1,0.1,1.0,0.6,0.7,0.3,0.8,1.2,0.4,0.5,0.1,1.0
Quinn Cook,22.4,9.5,3.7,7.6,1.4,3.2,0.7,0.8,0.3,2.2,2.5,2.7,1.0,0.0,1.8
RJ Hunter,9.0,3.8,1.4,4.0,0.6,2.8,0.4,0.4,0.0,1.0,1.0,0.6,0.4,0.0,1.4
Rajon Rondo,26.2,8.3,3.6,7.6,0.8,2.3,0.4,0.7,0.5,3.6,4.0,8.2,2.3,0.2,1.8
Ramon Sessions,14.0,4.9,1.5,4.2,0.3,0.9,1.6,2.0,0.2,1.1,1.4,2.8,1.1,0.1,1.0
Rashad Vaughn,7.6,2.3,0.8,2.0,0.5,1.3,0.1,0.2,0.1,0.6,0.8,0.5,0.2,0.1,0.5
Raul Neto,12.2,4.5,1.7,3.7,0.5,1.1,0.6,0.9,0.2,1.0,1.2,1.8,0.9,0.1,0.9
Raymond Felton,16.6,6.9,2.7,6.7,1.0,2.8,0.4,0.5,0.3,1.6,1.9,2.5,0.9,0.2,1.1
Reggie Bullock,27.9,11.3,4.3,8.8,2.0,4.5,0.6,0.8,0.4,2.0,2.5,1.5,0.8,0.2,1.1
Reggie Hearn,2.2,1.0,0.3,0.7,0.3,0.7,0.0,0.0,0.0,0.0,0.0,0.0,0.0,0.0,0.0
Reggie Jackson,26.7,14.6,5.5,12.8,1.2,3.8,2.5,3.0,0.6,2.1,2.8,5.3,2.2,0.1,1.9
Richard Jefferson,8.2,1.5,0.6,1.4,0.1,0.4,0.2,0.4,0.1,0.8,0.9,0.8,0.3,0.1,0.6
Richaun Holmes,15.5,6.5,2.8,5.0,0.1,0.6,0.8,1.2,1.2,3.2,4.4,1.3,0.5,0.6,2.0
Ricky Rubio,29.3,13.1,4.5,10.7,1.2,3.5,2.9,3.3,0.6,4.0,4.6,5.3,2.7,0.1,2.7
Robert Covington,31.6,12.6,4.3,10.5,2.5,6.9,1.5,1.7,0.7,4.7,5.4,2.0,1.6,0.9,3.0
Robin Lopez,26.4,11.8,5.3,10.1,0.1,0.2,1.1,1.4,2.1,2.4,4.5,1.9,1.7,0.8,1.7
Rodney Hood,26.9,14.7,5.4,12.5,2.1,5.6,1.9,2.2,0.4,2.4,2.8,1.6,1.2,0.2,1.8
Rodney McGruder,16.6,5.1,2.0,4.1,0.8,1.9,0.2,0.4,0.6,1.2,1.8,0.9,0.2,0.2,1.2
Rodney Purvis,18.1,6.0,2.2,6.7,0.8,3.3,0.8,0.9,0.1,1.6,1.7,1.1,0.6,0.2,1.6
Ron Baker,13.3,2.4,0.7,2.0,0.4,1.1,0.7,0.9,0.2,0.9,1.0,1.6,0.6,0.2,1.1
Rondae Hollis-Jefferson,28.2,13.9,5.0,10.6,0.2,0.8,3.7,4.6,1.5,5.3,6.8,2.5,1.8,0.7,2.1
Royce O'Neale,16.7,5.0,1.7,4.1,0.6,1.7,0.9,1.1,0.4,3.1,3.4,1.4,0.8,0.2,1.5
Rudy Gay,21.6,11.5,4.4,9.4,0.6,2.1,2.0,2.5,1.3,3.8,5.1,1.3,1.4,0.7,1.7
Rudy Gobert,32.4,13.5,4.9,7.9,0.0,0.0,3.6,5.3,2.9,7.8,10.7,1.4,1.9,2.3,2.7
Russell Westbrook,36.4,25.4,9.5,21.1,1.2,4.1,5.2,7.1,1.9,8.2,10.1,10.3,4.8,0.3,2.5
Ryan Anderson,26.1,9.3,3.1,7.3,2.0,5.1,1.1,1.4,1.4,3.6,5.0,0.9,0.6,0.3,1.9
Ryan Arcidiacono,12.7,2.0,0.7,1.7,0.4,1.3,0.2,0.3,0.0,1.0,1.0,1.5,0.5,0.0,0.8
Salah Mejri,11.9,3.5,1.4,2.2,0.0,0.0,0.6,1.1,1.4,2.6,4.0,0.6,0.6,1.1,2.0
Sam Dekker,12.1,4.2,1.8,3.5,0.1,0.8,0.5,0.8,0.6,1.8,2.4,0.5,0.5,0.1,1.0
Scotty Hopson,8.4,1.0,0.0,1.0,0.0,0.0,1.0,2.0,0.0,0.0,0.0,1.0,1.0,0.0,0.0
Sean Kilpatrick,12.3,6.3,2.1,5.7,0.9,2.8,1.2,1.4,0.1,1.6,1.7,0.9,0.7,0.1,0.6
Semi Ojeleye,15.8,2.7,0.9,2.6,0.5,1.7,0.3,0.6,0.5,1.7,2.2,0.3,0.3,0.1,1.2
Serge Ibaka,27.5,12.6,5.0,10.3,1.4,3.9,1.2,1.6,1.0,5.3,6.3,0.8,1.2,1.3,2.8
Shabazz Muhammad,9.7,5.0,2.0,4.4,0.2,0.6,0.9,1.2,0.5,1.2,1.8,0.3,0.1,0.1,0.7
Shabazz Napier,20.7,8.7,3.0,7.2,1.1,2.9,1.6,1.9,0.4,1.9,2.3,2.0,1.2,0.2,1.1
Shane Larkin,14.3,4.3,1.6,4.1,0.6,1.6,0.6,0.7,0.3,1.4,1.7,1.8,0.6,0.0,1.1
Shaquille Harrison,16.7,6.6,2.6,5.4,0.3,1.1,1.2,1.7,0.4,2.3,2.7,2.4,1.0,0.3,1.8
Shaun Livingston,15.9,5.5,2.4,4.8,0.0,0.1,0.7,0.9,0.5,1.4,1.8,2.0,0.8,0.3,1.6
Shelvin Mack,19.8,6.9,2.6,6.0,0.7,2.0,1.0,1.4,0.3,2.1,2.4,3.9,1.3,0.1,1.3
Sindarius Thornwell,15.8,3.9,1.4,3.2,0.3,0.8,0.8,1.2,0.5,1.5,1.9,0.9,0.7,0.3,1.7
Skal Labissiere,20.7,8.7,3.4,7.6,0.3,0.9,1.6,2.0,1.6,3.2,4.8,1.2,1.2,0.8,2.2
Solomon Hill,15.6,2.4,0.9,3.4,0.3,1.8,0.3,0.5,0.8,2.3,3.0,1.8,0.8,0.1,1.8
Spencer Dinwiddie,28.8,12.6,4.1,10.5,1.8,5.4,2.7,3.4,0.5,2.7,3.2,6.6,1.6,0.3,2.3
Stanley Johnson,27.4,8.7,3.0,8.1,1.0,3.4,1.6,2.1,0.5,3.2,3.7,1.6,1.1,0.2,2.4
Stephen Curry,32.0,26.4,8.4,16.9,4.2,9.8,5.5,5.9,0.7,4.4,5.1,6.1,3.0,0.2,2.2
Sterling Brown,14.4,4.0,1.5,3.8,0.6,1.7,0.4,0.4,0.5,2.1,2.6,0.5,0.5,0.2,1.5
Steven Adams,32.7,13.9,5.9,9.4,0.0,0.0,2.1,3.8,5.1,4.0,9.0,1.2,1.7,1.0,2.8
T.J. Leaf,8.7,2.9,1.2,2.6,0.3,0.8,0.2,0.3,0.5,1.0,1.5,0.2,0.2,0.1,0.8
T.J. McConnell,22.5,6.3,2.8,5.5,0.4,0.8,0.4,0.5,0.5,2.5,3.0,4.0,1.5,0.2,1.6
T.J. Warren,33.0,19.6,8.1,16.4,0.3,1.4,3.0,3.9,1.9,3.2,5.1,1.3,1.3,0.6,2.3
Taj Gibson,33.2,12.2,5.2,9.0,0.1,0.4,1.7,2.3,2.4,4.8,7.1,1.2,1.1,0.7,2.7
Tarik Black,10.5,3.5,1.5,2.5,0.0,0.2,0.6,1.2,1.2,2.0,3.2,0.3,0.7,0.6,2.1
Taurean Prince,30.0,14.1,5.1,11.9,2.1,5.6,1.9,2.2,0.6,4.1,4.7,2.6,2.3,0.5,2.0
Terrance Ferguson,12.5,3.1,1.1,2.8,0.7,2.0,0.1,0.2,0.3,0.5,0.8,0.3,0.2,0.2,1.4
Terrence Ross,25.0,8.7,3.2,8.0,1.3,3.9,1.1,1.5,0.4,2.6,3.0,1.6,1.2,0.5,1.9
Terry Rozier,25.9,11.3,4.0,10.0,1.9,5.0,1.4,1.9,0.8,3.9,4.7,2.9,1.0,0.2,1.5
Thabo Sefolosha,21.2,8.2,3.1,6.3,0.8,2.2,1.2,1.4,0.8,3.5,4.2,0.9,0.8,0.3,1.6
Thaddeus Young,32.2,11.8,5.2,10.7,0.7,2.2,0.7,1.1,2.3,4.0,6.3,1.9,1.3,0.4,2.2
Thomas Bryant,4.8,1.5,0.5,1.4,0.1,0.7,0.3,0.6,0.2,0.9,1.1,0.4,0.1,0.1,0.4
Thon Maker,16.7,4.8,1.8,4.3,0.4,1.4,0.9,1.3,1.0,2.0,3.0,0.6,0.6,0.7,2.2
Tim Frazier,14.2,3.0,1.2,2.9,0.3,0.9,0.4,0.5,0.3,1.6,1.9,3.3,1.0,0.1,1.6
Tim Hardaway Jr.,33.1,17.5,6.3,15.0,2.3,7.2,2.6,3.1,0.6,3.4,3.9,2.7,1.6,0.2,2.2
Tim Quarterman,4.3,1.3,0.3,1.0,0.0,0.7,0.7,0.7,0.0,1.0,1.0,0.3,0.7,0.0,0.3
Timofey Mozgov,11.6,4.2,1.7,3.0,0.1,0.6,0.7,1.0,1.0,2.1,3.2,0.4,1.1,0.4,1.3
Timothe Luwawu-Cabarrot,15.5,5.8,1.9,5.1,1.0,3.0,0.9,1.1,0.3,1.1,1.4,1.0,0.7,0.1,1.9
Tobias Harris,33.3,18.6,7.0,15.3,2.3,5.6,2.2,2.7,0.7,4.7,5.5,2.4,1.3,0.4,2.1
Tomas Satoransky,22.5,7.2,2.8,5.3,0.6,1.4,1.0,1.3,1.0,2.2,3.2,3.9,1.1,0.2,1.8
Tony Allen,12.4,4.7,2.0,4.1,0.2,0.5,0.5,1.0,0.9,1.2,2.1,0.4,0.9,0.1,2.2
Tony Bradley,3.2,0.9,0.3,1.2,0.0,0.1,0.2,0.2,0.4,0.8,1.2,0.1,0.0,0.0,0.1
Tony Parker,19.5,7.7,3.2,7.1,0.2,0.7,1.0,1.4,0.1,1.6,1.7,3.5,1.2,0.0,0.9
Tony Snell,27.4,6.9,2.5,5.7,1.4,3.6,0.5,0.6,0.1,1.8,1.9,1.3,0.5,0.4,1.5
Torrey Craig,16.1,4.2,1.6,3.5,0.4,1.5,0.6,0.9,1.0,2.2,3.3,0.6,0.5,0.4,1.6
Travis Wear,13.4,4.4,1.5,4.2,1.0,2.8,0.5,0.5,0.0,2.2,2.2,0.4,0.4,0.3,1.8
Treveon Graham,16.7,4.3,1.5,3.5,0.6,1.5,0.7,0.9,0.7,1.3,1.9,0.9,0.4,0.0,1.7
Trevor Ariza,33.9,11.7,4.0,9.7,2.5,6.9,1.1,1.3,0.5,3.9,4.4,1.6,0.8,0.2,2.0
Trevor Booker,17.0,6.3,2.6,5.0,0.1,0.5,1.0,1.4,1.7,3.0,4.7,1.2,0.9,0.3,1.8
Trey Burke,21.8,12.8,5.4,10.7,1.1,2.9,1.0,1.6,0.4,1.6,2.0,4.7,1.2,0.1,1.2
Trey Lyles,19.1,9.9,3.7,7.5,1.1,3.0,1.4,2.0,0.8,4.0,4.8,1.2,0.8,0.5,1.5
Trey McKinney-Jones,1.2,0.0,0.0,0.0,0.0,0.0,0.0,0.0,0.0,0.0,0.0,0.0,0.0,0.0,0.0
Tristan Thompson,20.2,5.8,2.5,4.4,0.0,0.0,0.8,1.5,2.4,4.3,6.6,0.6,0.7,0.3,1.9
Troy Daniels,20.5,8.9,2.9,7.3,2.3,5.8,0.7,0.8,0.2,1.5,1.6,0.6,0.7,0.1,1.7
Troy Williams,14.6,6.3,2.4,5.2,0.5,1.8,1.0,1.4,1.0,2.0,3.0,0.8,0.9,0.2,1.6
Tyler Cavanaugh,13.3,4.7,1.7,3.9,0.8,2.3,0.4,0.5,1.2,2.1,3.3,0.7,0.3,0.1,1.6
Tyler Dorsey,17.4,7.2,2.6,6.8,1.3,3.6,0.8,1.1,0.3,2.0,2.3,1.4,0.7,0.1,1.1
Tyler Ennis,12.7,4.1,1.7,4.1,0.3,1.0,0.4,0.5,0.4,1.4,1.8,1.9,0.7,0.2,1.4
Tyler Johnson,28.5,11.7,4.3,9.9,1.7,4.5,1.5,1.8,0.5,3.0,3.4,2.3,1.1,0.5,2.1
Tyler Lydon,2.2,0.0,0.0,0.0,0.0,0.0,0.0,0.0,0.0,0.0,0.0,0.0,0.0,0.0,0.0
Tyler Ulis,23.4,7.8,3.0,7.8,0.6,2.1,1.2,1.4,0.3,1.5,1.8,4.4,1.8,0.1,1.7
Tyler Zeller,16.8,6.7,2.8,5.1,0.2,0.4,0.9,1.2,1.7,3.0,4.6,0.7,0.7,0.5,1.9
Tyreke Evans,30.9,19.4,7.0,15.6,2.2,5.5,3.2,4.0,0.8,4.3,5.1,5.2,2.3,0.3,1.8
Tyrone Wallace,28.4,9.7,3.7,8.2,0.3,1.3,2.0,2.6,0.7,2.8,3.5,2.4,1.5,0.4,2.8
Tyson Chandler,25.0,6.5,2.6,4.1,0.0,0.0,1.3,2.0,2.9,6.2,9.1,1.2,1.3,0.6,2.3
Tyus Jones,17.9,5.1,1.8,4.0,0.5,1.6,0.9,1.0,0.2,1.4,1.6,2.8,0.7,0.1,1.3
Udonis Haslem,5.1,0.6,0.2,1.1,0.1,0.6,0.1,0.1,0.2,0.5,0.7,0.4,0.1,0.1,0.2
Vander Blue,9.0,0.6,0.2,1.0,0.0,0.4,0.2,0.4,0.0,0.2,0.2,0.6,0.6,0.0,0.4
Victor Oladipo,34.0,23.1,8.5,17.9,2.1,5.8,3.9,4.9,0.6,4.6,5.2,4.3,2.9,0.8,2.3
Vince Carter,17.7,5.4,2.0,4.9,1.0,2.8,0.5,0.6,0.3,2.2,2.6,1.2,0.6,0.4,1.7
Vincent Hunter,1.9,1.5,0.8,1.3,0.0,0.0,0.0,0.0,0.5,0.3,0.8,0.0,0.3,0.3,0.0
Wade Baldwin IV,11.5,5.4,2.0,3.0,0.6,0.7,0.9,1.4,0.1,1.0,1.1,0.7,0.6,0.1,1.7
Walt Lemon Jr.,7.0,3.4,1.4,3.2,0.2,0.2,0.4,0.6,0.0,0.4,0.4,1.0,0.8,0.2,1.0
Wayne Ellington,26.5,11.2,3.7,9.1,2.9,7.5,0.9,1.0,0.3,2.5,2.8,1.0,0.7,0.1,1.2
Wayne Selden,19.8,9.3,3.3,7.7,1.4,3.5,1.3,1.7,0.5,1.1,1.6,1.9,1.5,0.1,1.7
Wes Iwundu,16.5,3.7,1.5,3.5,0.1,0.7,0.5,0.8,0.6,1.6,2.2,0.9,0.5,0.2,1.3
Wesley Johnson,20.1,5.4,2.0,5.0,0.8,2.4,0.6,0.8,0.4,2.5,2.9,0.8,0.7,0.8,2.0
Wesley Matthews,33.8,12.7,4.5,11.1,2.4,6.4,1.3,1.6,0.4,2.7,3.1,2.7,1.3,0.3,2.2
Will Barton,33.1,15.7,5.7,12.7,1.9,5.2,2.2,2.8,0.9,4.2,5.0,4.1,1.8,0.6,2.1
Willie Cauley-Stein,28.0,12.8,5.3,10.6,0.0,0.2,2.1,3.4,1.8,5.2,7.0,2.4,1.5,0.9,2.5
Willie Reed,10.2,4.6,1.9,2.9,0.0,0.0,0.8,1.3,0.8,2.0,2.9,0.2,0.5,0.5,1.3
Willy Hernangomez,10.3,5.1,1.9,3.4,0.1,0.3,1.2,1.9,1.3,2.5,3.8,0.7,0.7,0.3,1.3
Wilson Chandler,31.7,10.0,3.8,8.5,1.2,3.3,1.2,1.5,1.4,4.0,5.4,2.1,1.2,0.5,2.1
Xavier Munford,3.5,0.5,0.2,1.0,0.0,0.3,0.2,0.3,0.2,0.0,0.2,0.7,0.3,0.0,0.7
Xavier Rathan-Mayes,23.6,5.8,2.4,8.4,0.2,2.8,0.8,1.8,0.0,1.0,1.0,3.6,2.2,0.6,3.6
Xavier Silas,3.7,0.0,0.0,1.5,0.0,1.0,0.0,0.0,0.5,0.5,1.0,0.0,0.0,0.0,0.5
Yogi Ferrell,27.8,10.2,3.8,8.9,1.6,4.4,1.0,1.3,0.3,2.7,3.0,2.5,1.0,0.1,1.9
Zach Collins,15.8,4.4,1.7,4.4,0.5,1.7,0.4,0.6,0.7,2.7,3.3,0.8,0.9,0.5,2.0
Zach LaVine,27.3,16.7,5.7,14.8,1.8,5.1,3.6,4.5,0.4,3.5,3.9,3.0,1.8,0.2,2.3
Zach Randolph,25.6,14.5,6.1,12.9,0.9,2.5,1.4,1.8,1.6,5.1,6.7,2.2,2.0,0.2,2.0
Zaza Pachulia,14.1,5.4,2.2,3.8,0.0,0.0,1.1,1.3,1.3,3.4,4.7,1.6,1.0,0.2,1.8
Zhou Qi,6.9,1.2,0.3,1.8,0.1,1.1,0.4,0.7,0.3,0.9,1.2,0.1,0.6,0.8,0.8
